{"cameraMode":{"drawMode":0,"name":"Shaded","section":"Shading Mode"},"sceneLighting":true,"audioPlay":false,"sceneViewState":{"showFog":true,"showMaterialUpdate":false,"showSkybox":false,"showFlares":true,"showImageEffects":true,"showParticleSystems":true},"in2DMode":false,"pivot":{"x":279.8549499511719,"y":477.39031982421877,"z":-69.01757049560547},"rotation":{"x":0.014024259522557259,"y":0.985221803188324,"z":-0.09965787827968598,"w":0.1386387199163437},"size":5.5836310386657719,"orthographic":false}